172.31.18.4,['DLM_NPS_Failed'],,
172.31.18.5,['DLM_NPS_Failed'],,
172.31.18.6,['DLM_IPS_Failed'],,
172.31.18.7,['DLM_IPS_Failed'],,
172.31.18.8,['DLM_NPS_Failed'],,
172.31.18.9,['DLM_IPS_Failed'],,
172.31.18.11,['DLM_NPS_Failed'],,
172.31.18.12,['DLM_IPS_Failed'],,
172.31.18.13,['DLM_IPS_Failed'],,
172.31.18.14,['DLM_IPS_Failed'],,
172.31.18.15,['DLM_IPS_Failed'],,
172.31.18.16,['DLM_IPS_Failed'],,
172.31.18.17,['DLM_IPS_Failed'],,
172.31.18.18,['DLM_IPS_Failed'],,
172.31.18.19,['DLM_IPS_Failed'],,
172.31.18.20,['DLM_IPS_Failed'],,
172.31.18.21,['DLM_IPS_Failed'],,
172.31.18.22,['DLM_IPS_Failed'],,
172.31.18.23,['DLM_IPS_Failed'],,
172.31.18.24,['DLM_IPS_Failed'],,
172.31.18.25,['DLM_IPS_Failed'],,
172.31.18.26,['DLM_IPS_Failed'],,
172.31.18.28,['DLM_IPS_Failed'],,
172.31.114.4,['DLM_IPS_Failed'],,
172.31.114.5,['DLM_IPS_Failed'],,
172.31.114.6,['DLM_IPS_Failed'],,
172.31.114.7,['DLM_IPS_Failed'],,
172.31.114.8,['ADF_WQ_Failed', 'DLM_SP_Failed'],
172.31.114.9,['ADF_WQ_Failed', 'DLM_SP_Failed'],
172.31.114.11,['DLM_IPS_Failed'],,
172.31.114.12,['ADF_WQ_Failed', 'DLM_SP_Failed'],
172.31.114.13,['ADF_WQ_Failed', 'DLM_SP_Failed'],
172.31.114.15,['DCF_Bucket_Failed', 'DLM_SP_Failed'],
172.31.114.16,['DCF_Bucket_Failed', 'DLM_SP_Failed'],
172.31.114.19,['DLM_IPS_Failed'],,
172.31.114.23,['DLM_IPS_Failed'],,
172.31.114.24,['DLM_IPS_Failed'],,
172.31.114.25,['DLM_IPS_Failed'],,
172.31.114.27,['DLM_IPS_Failed'],,
172.31.114.28,['DLM_IPS_Failed'],,
172.31.114.29,['DLM_IPS_Failed'],,
172.31.114.30,['DLM_IPS_Failed'],,
172.31.114.31,['DLM_IPS_Failed'],,
172.31.114.32,['DLM_IPS_Failed'],,
172.31.114.33,['DLM_IPS_Failed'],,
172.31.114.34,['DLM_IPS_Failed'],,
172.31.114.35,['DLM_IPS_Failed'],,
172.31.114.36,['DLM_IPS_Failed'],,
172.31.114.37,['DLM_IPS_Failed'],,
172.31.114.39,['DLM_IPS_Failed'],,
172.31.131.132,['DLM_IPS_Failed'],,
172.31.131.134,['DLM_IPS_Failed'],,
172.31.131.135,['DLM_IPS_Failed'],,
172.31.131.136,['DLM_IPS_Failed'],,
172.31.131.138,['DLM_IPS_Failed'],,
172.31.131.139,['DLM_IPS_Failed'],,
172.31.131.140,['DLM_IPS_Failed'],,
172.31.131.141,['DLM_IPS_Failed'],,
172.31.64.4,['DLM_NPS_Failed'],,
172.31.64.5,['DLM_NPS_Failed'],,
172.31.64.6,['DLM_NPS_Failed'],,
172.31.64.7,['DLM_NPS_Failed'],,
172.31.64.8,['DLM_NPS_Failed'],,
172.31.64.9,['DLM_NPS_Failed'],,
172.31.64.10,['DLM_NPS_Failed'],,
172.31.64.11,['DLM_NPS_Failed'],,
172.31.64.12,['DLM_NPS_Failed'],,
172.31.64.13,['DCF_Singular_Failed', 'DLM_NPS_Failed', 'DLM_PCF_Failed']
172.31.64.14,['DLM_NPS_Failed'],,
172.31.64.15,['DLM_NPS_Failed'],,
172.31.64.16,['DLM_NPS_Failed'],,
172.31.64.17,['DLM_NPS_Failed'],,
172.31.64.18,['DLM_NPS_Failed'],,
172.31.64.21,['DLM_NPS_Failed'],,
172.31.64.23,['DLM_NPS_Failed'],,
172.31.48.50,['DLM_IPS_Failed'],,
172.31.48.51,['DLM_IPS_Failed'],,
172.31.48.6,['DLM_IPS_Failed'],,
172.31.48.47,['DLM_IPS_Failed'],,
172.31.48.48,['DLM_IPS_Failed'],,
172.31.48.49,['DLM_IPS_Failed'],,
172.31.48.31,['DLM_IPS_Failed'],,
172.31.48.32,['DLM_IPS_Failed'],,
172.31.48.33,['DLM_IPS_Failed'],,
172.31.48.24,['DLM_NPS_Failed'],,
172.31.84.133,['DLM_IPS_Failed'],,
172.31.84.134,['DLM_IPS_Failed'],,
172.31.84.142,['DLM_IPS_Failed'],,
172.31.84.147,['DLM_IPS_Failed'],,
172.31.84.148,['DLM_IPS_Failed'],,
172.31.84.149,['DLM_IPS_Failed'],,
172.31.84.150,['DLM_IPS_Failed'],,
172.31.84.151,['DLM_IPS_Failed'],,
172.31.84.152,['DLM_IPS_Failed'],,
172.31.84.153,['DLM_IPS_Failed'],,
172.31.84.154,['DLM_IPS_Failed'],,
172.31.84.155,['DLM_IPS_Failed'],,
172.31.84.156,['DLM_IPS_Failed'],,
172.31.84.138,['DLM_IPS_Failed'],,
172.31.84.139,['ADF_WQ_Failed', 'DLM_SP_Failed'],
172.31.84.137,['DLM_IPS_Failed'],,
172.31.84.143,['DLM_NPS_Failed'],,
172.31.84.136,['ADF_WQ_Failed', 'DLM_SP_Failed'],
172.31.34.4,['DLM_IPS_Failed'],,
172.31.34.5,['DLM_IPS_Failed'],,
172.31.34.6,['DLM_IPS_Failed'],,
172.31.34.29,['DLM_IPS_Failed'],,
172.31.34.30,['DLM_IPS_Failed'],,
172.31.34.31,['DCF_Singular_Failed', 'DLM_SP_Failed'],
172.31.34.42,['DCF_Bucket_Failed', 'DLM_SP_Failed'],
172.31.34.35,['DLM_IPS_Failed'],,
172.31.34.36,['DLM_IPS_Failed'],,
172.31.34.37,['DLM_IPS_Failed'],,
172.31.34.8,['ADF_WQ_Failed', 'DLM_SP_Failed'],
172.31.34.51,['DCF_Singular_Failed', 'DLM_SP_Failed'],
172.31.34.9,['DLM_NPS_Failed'],,
172.31.34.49,['DLM_NPS_Failed'],,
172.31.34.47,['DLM_NPS_Failed'],,
172.31.34.7,['DLM_NPS_Failed'],,
172.31.34.48,['ADF_WQ_Failed', 'DLM_SP_Failed'],
172.31.34.50,['DLM_NPS_Failed'],,
172.31.34.53,['DCF_Singular_Failed', 'DLM_SP_Failed'],
